segment_id,road_name,now kph,normal kph,+5 min kph,+5 min level,+10 min kph,+10 min level,+15 min kph,+15 min level,+30 min kph,+30 min level,ratio now %,ratio +15 %
S00008,Link Kinigi – Gacaca,8.54329150604344,13.076166101505155,9.861554468991725,Free,10.431146096353169,Free,11.111552295401786,Free,15.464756226353035,Free,65.33483468873992,84.9756129521999
S00035,Link Ruhashya – Muganza (1),5.1488786121457135,7.7634269382710315,5.858663328824778,Free,6.266662995920451,Free,6.609169274888038,Free,9.671515069314701,Free,66.32223956103081,85.13211146880383
S00003,Link Bumbogo – Jali,6.192709021810926,8.972105089887165,6.84518262779112,Free,7.4815063545172755,Free,7.740519959224263,Free,11.202060169729704,Free,69.02180658573636,86.27317537719132
S00002,Link Bumbogo – Jali,6.488137850928364,9.434104081056304,7.207995674856147,Free,7.867669912535793,Free,8.15761916610388,Free,11.566025730571523,Free,68.77322737997511,86.46946330054162
S00091,Link Butare – Giheke,13.430412830731758,17.006405838815496,14.848733606789175,Free,15.294385670562958,Free,15.525431734364153,Free,18.924871501209562,Free,78.97267040445503,91.29166904231369
S00026,Link Ntarama – Gahanga,19.213242926628617,23.470006608752698,20.56630129434717,Free,21.370742515118003,Free,21.854135909528516,Free,23.84758258467173,Free,81.86296342781343,93.11516725938385
S00118,Link Mutete – Byumba,19.018475443954486,22.566555648853875,20.23951072489901,Free,20.668044284815,Free,21.16830698724861,Free,23.48896028647287,Free,84.27726295448375,93.80388977670025
S00208,Link Gakenke – Gacaca,17.253568441717356,20.424462399558855,18.47791124395452,Free,18.803417516492527,Free,19.166097547753076,Free,21.81861406848666,Free,84.47501875050582,93.83893280915457
S00036,Link Nyarusange – Byimana,20.153904064235835,23.9107874812697,21.421631760092726,Free,21.950421232410477,Free,22.440887544361384,Free,24.43391623225951,Free,84.28791431492256,93.85256575903345
S00235,Link Nyabirasi – Rambura,13.86583156843289,16.743274430167858,15.028141542543995,Free,15.505008006119509,Free,15.71895681158031,Free,19.156690563413544,Free,82.81433614591886,93.88221448044868
S00054,Link Rugarika – Nduba,19.521921074796637,23.760247622292514,21.275118739776424,Free,22.120075149237937,Free,22.492224455440727,Free,24.302449658478167,Free,82.16211120830508,94.66325777824768
S00021,Link Mwulire – Rukara,20.82154608856953,25.086475164137603,22.676586675597665,Free,23.318192255791082,Free,23.808116409501817,Free,25.372300584344394,Free,82.99908995718535,94.90419141680269
S00200,Link Byumba – Gakenke,23.630941898943053,27.829349256634075,25.331065777408572,Free,26.031680758392817,Free,26.502393400828584,Free,27.834647669162212,Free,84.91374225471625,95.2318114104333
S00167,Link Muhondo – Gakenke,22.094378265772036,25.581384628119675,23.18033454967531,Free,23.928546175508174,Free,24.44021687451332,Free,26.205005801445136,Free,86.36896941647703,95.53906963913144
S00037,Link Nyarusange – Byimana,18.376677874587664,21.05205189505744,19.40757280886861,Free,19.853052375926833,Free,20.270816857361584,Free,22.399415803419394,Free,87.29162347781455,96.28903138948051
S00048,Link Nduba – Gahanga,19.433783327481628,22.129685421393326,20.294467550204843,Free,21.0978117925872,Free,21.406085313335964,Free,23.45899618294961,Free,87.81771162772381,96.73018348757078
S00004,Link Gahanga – Bumbogo,8.442260451137148,8.442260451137148,8.812394531031256,Free,9.116244649881054,Free,8.169192439919009,Free,12.344183793688245,Free,100.0,96.76546331638752
S00010,Link Rugarika – Jali,9.184839443103371,9.184839443103371,9.26361131803819,Free,9.665962994398834,Free,8.910373810342135,Free,12.639856763607751,Free,100.0,97.01175361353404
S00012,Link Muyumbu – Bumbogo,9.526295788712039,9.526295788712039,9.836884416623208,Free,10.066007996780211,Free,9.24840500043324,Free,13.163329462191212,Free,100.0,97.08290825266963
S00136,Link Ruhashya – Cyanika (1),8.220623805258471,8.220623805258471,8.365624421542641,Free,8.888524308638578,Free,7.983496786599809,Free,12.190055487563779,Free,100.0,97.1154619859021
S00006,Link Jali – Nduba,8.097739389487304,8.097739389487304,8.413595092638657,Free,8.755655910496312,Free,7.87598970244149,Free,11.95899968946481,Free,100.0,97.26158528473151
S00000,Link Jali – Gahanga,7.433992157021869,7.433992157021869,7.723958122464782,Free,8.02186413561609,Free,7.230418621862077,Free,10.978756616040855,Free,100.0,97.26158528473151
S00275,Link Nyabirasi – Muhanda,21.101452623425015,23.983995022496153,22.159365813939058,Free,23.141449009021205,Free,23.334211740820685,Free,24.805745261065248,Free,87.9813917724407,97.29076293976047
S00213,Link Mugano – Mukura (2),22.509202168689157,25.833909912484007,23.633515962429648,Free,24.608215154751917,Free,25.15357733992532,Free,26.293299567101492,Free,87.13045081035831,97.36651333513429
S00083,Link Mugesera – Muyumbu,23.597378421615666,26.708308340660345,24.655130713041725,Free,25.699277983963736,Free,26.013507454074702,Free,27.103228900887114,Free,88.35220157201555,97.39855898874775
S00096,Link Kinigi – Rambura,15.530505127486567,15.530505127486567,15.660921647805754,Free,15.802906757206083,Free,15.146757187639228,Free,18.351158228358535,Free,100.0,97.52906981004652
S00231,Link Kibeho – Ruhashya,10.874488644113304,10.874488644113304,11.034696007575459,Free,11.415163282009491,Free,10.609871051830918,Free,14.576473057700582,Free,100.00000000000001,97.56662036310433
S00014,Link Nduba – Bumbogo,9.531922273849203,9.531922273849203,9.791989620237262,Free,10.076385631660457,Free,9.309357296704626,Free,13.209898829179707,Free,100.0,97.66505673514372
S00115,Link Murambi (3) – Bumbogo,10.832905724598316,10.832905724598316,11.127421090509458,Free,11.632777431328261,Free,10.579963521993577,Free,14.980804790161992,Free,100.0,97.66505673514372
S00126,Link Mamba – Ruhashya,10.545977548486984,10.545977548486984,10.82381779707076,Free,11.148363739067264,Free,10.299734956005333,Free,14.638661172330766,Free,100.0,97.66505673514372
S00163,Link Muhondo – Jali,14.600064613831169,14.600064613831169,14.695676151603536,Free,14.923252489975392,Free,14.26164989404191,Free,17.893732004383782,Free,100.0,97.68210121845168
S00121,Link Ntarama – Jali,14.37227051869904,14.37227051869904,14.50621086207783,Free,14.690415931556203,Free,14.039135835465286,Free,17.614549233739467,Free,100.0,97.68210121845168
S00191,Link Butaro – Kinigi,16.760060777017486,16.760060777017486,16.869817495664535,Free,17.071472382056527,Free,16.432586294399464,Free,19.19976597709521,Free,100.0,98.04610205789302
S00111,Link Gacaca – Butaro,18.386849522944722,18.386849522944722,18.38245774268672,Free,18.835113822909843,Free,18.045867994293225,Free,21.881493480059188,Free,100.0,98.14551411743491
S00100,Link Rongi – Muzo,18.512805017975936,18.512805017975936,18.589535532811272,Free,19.04346552369237,Free,18.203491390941117,Free,22.03138834594493,Free,100.0,98.32919092090866
S00005,Link Gahanga – Bumbogo,20.00620395926446,20.00620395926446,20.008174823784447,Free,20.48907694233758,Free,19.685923177153818,Free,23.37641294626706,Free,100.0,98.3990926876344
S00027,Link Ntarama – Gahanga,19.23399854165097,19.23399854165097,19.503584358782778,Free,19.66228635348211,Free,18.926080052537383,Free,22.480343211023232,Free,100.0,98.3990926876344
S00155,Link Muhanda – Muzo,20.098914129324235,20.098914129324235,20.19773451176035,Free,20.48059137356467,Free,19.805262860270854,Free,22.406452085344768,Free,100.0,98.53896948280929
S00025,Link Musambira – Rugarika,20.652840772792956,20.652840772792956,20.80445126450092,Free,20.98977149242626,Free,20.35843291836238,Free,22.801730510510346,Free,100.0,98.57449220826601
S00117,Link Mutete – Nduba,19.792829603297374,19.792829603297374,19.91846798268178,Free,20.357308929117014,Free,19.512319583586464,Free,23.127093931656066,Free,100.0,98.58276949110814
S00086,Link Gacaca – Rambura,19.714683898927476,19.714683898927476,19.85097465125367,Free,20.241318999024646,Free,19.440132736624445,Free,23.04215940252855,Free,100.0,98.60737730459901
S00232,Link Kibeho – Cyanika (1),23.198211169287216,25.013996203016454,24.31754017608105,Free,24.58976605355301,Free,24.67682178077352,Free,25.94669717256955,Free,92.740923845226,98.65205695440909
S00041,Link Juru – Gahanga,20.44656012239362,20.44656012239362,20.533999584301082,Free,20.919514005949953,Free,20.18538522734286,Free,22.800643213584003,Free,100.0,98.72264628628307
S00034,Link Ruhashya – Muganza (1),21.176936971230205,21.176936971230205,21.129368743714025,Free,21.576806330848125,Free,20.919251718494063,Free,23.735410942262305,Free,100.00000000000001,98.78317977200284
S00246,Link Kinigi – Muzo,20.913936350577632,20.913936350577632,21.067463519481056,Free,21.274987961660074,Free,20.66604297986201,Free,23.307884433643707,Free,100.0,98.81469768980732
S00028,Link Gahanga – Rugarika,20.827367937280336,20.827367937280336,20.891362630223185,Free,21.25668173591297,Free,20.580500663967424,Free,23.20467153841354,Free,100.0,98.81469768980732
S00051,Link Muyumbu – Gahanga,21.05681636690834,21.05681636690834,21.06670569484103,Free,21.465611737619874,Free,20.807229436058346,Free,23.460309959003034,Free,99.99999999999999,98.81469768980733
S00157,Link Muzo – Gacaca,20.991120444744663,20.991120444744663,21.03477309915684,Free,21.391622577706393,Free,20.74231220917778,Free,23.38711529034341,Free,99.99999999999999,98.81469768980735
S00123,Link Rongi – Muhanda,21.261568515527273,21.261568515527273,21.33697736291655,Free,21.61011535094214,Free,21.017928805816776,Free,23.681993080112115,Free,100.0,98.85408402709064
S00224,Link Twumba – Cyato,25.419068626982256,28.486354354926604,27.23870774070454,Free,27.944351384220276,Free,28.17092497695357,Free,28.68268059801667,Free,89.2324384871177,98.8927000835455
S00257,Link Bigogwe – Muzo,20.685320289717822,20.685320289717822,20.927844987157002,Free,21.10310329976179,Free,20.478130845549504,Free,22.985620428104465,Free,99.99999999999999,98.99837449328108
S00015,Link Nduba – Bumbogo,24.381710716132392,24.381710716132392,24.28939098478678,Free,24.571219178175603,Free,24.147274683085225,Free,25.53092778415155,Free,100.0,99.03847586505876
S00076,Link Nyagihanga – Kabarore,22.330668193446435,24.369884563041303,23.588020936168117,Free,23.867069695158115,Free,24.13669357729561,Free,25.479143409632155,Free,91.63222802996988,99.04311821772293
S00095,Link Cyanika (1) – Buruhukiro,22.525824156653158,24.173022649803983,23.75923245028392,Free,23.901936795217342,Free,23.958613724977738,Free,25.281161776004687,Free,93.18579841249525,99.1130239360944
S00020,Link Mwulire – Rukara,23.341765104693057,25.84102076691905,24.67317508118043,Free,25.27053566860276,Free,25.633344918942797,Free,26.51575242921528,Free,90.32834002662361,99.19633264548855
S00061,Link Mwulire – Mugesera,25.5156300859876,28.207842423104907,27.736763839851935,Free,27.861952803694717,Free,27.987079751919925,Free,28.532840786749635,Free,90.45580198323808,99.21737129740856
S00074,Link Giheke – Bushekeri,21.951508874709184,21.951508874709184,22.096410182846554,Free,22.270454706259763,Free,21.780962189298176,Free,23.102902383792852,Free,100.0,99.22307534126959
S00065,Link Mukura (2) – Twumba,22.179515189319602,22.179515189319602,22.273003156330116,Free,22.501773852986975,Free,22.007197066626922,Free,23.342868012552056,Free,99.99999999999999,99.22307534126959
S00145,Link Ruhango (2) – Mukura (2),22.554157749771818,22.554157749771818,22.663661283841726,Free,22.881859806130766,Free,22.378928936644886,Free,23.737161204530025,Free,99.99999999999999,99.2230753412696
S00046,Link Musambira – Byimana,22.72186462364039,24.154820042213352,23.7775693848295,Free,23.879200259723692,Free,23.994020662882633,Free,25.262124724912212,Free,94.06762121982815,99.33429692686717
S00009,Link Kinigi – Gacaca,16.45311807351611,16.45311807351611,16.51540838868795,Free,16.877221016325652,Free,16.353906813108573,Free,20.399644557284674,Free,100.0,99.39700633056762
S00104,Link Rurenge – Mwiri,25.592885968943193,28.245311740875394,27.722415924016648,Free,27.82077313710721,Free,28.086043726209724,Free,28.570741809532496,Free,90.6093237834804,99.43612583876995
S00058,Link Muzo – Rambura,21.932384289776618,21.932384289776618,21.978464671852944,Free,22.228464738207183,Free,21.809993680908175,Free,23.62553647819846,Free,100.0,99.44196395954317
S00137,Link Ruhashya – Cyanika (1),23.910582492715367,25.583415895846876,25.117488101813173,Free,25.2358863623209,Free,25.467185638011728,Free,26.321759269111197,Free,93.46125861401067,99.54568124011142
S00081,Link Muhondo – Rugarika,22.49812870895814,22.49812870895814,22.591801070961683,Free,22.914138706955217,Free,22.405043697132072,Free,24.23447262418675,Free,100.0,99.58625442573361
S00052,Link Rwempasha – Kiyombe,23.15863551091389,23.15863551091389,23.271843344103516,Free,23.575058059869367,Free,23.091276552724665,Free,24.033280211386966,Free,100.00000000000001,99.70914107544256
S00070,Link Bushekeri – Cyato,24.46746241145796,24.46746241145796,24.640466962094337,Free,24.86596825949704,Free,24.396346366024794,Free,25.62413399041722,Free,100.0,99.70934441734398
S00120,Link Ntarama – Jali,25.265467740987805,26.9821947699466,26.604259027788988,Free,26.676415891868835,Free,26.90552083312268,Free,27.5866336462963,Free,93.63755601204494,99.71583506279732
S00147,Link Mutete – Nyagihanga,25.34315791044788,27.061630559424593,26.732694079857765,Free,26.82913677482462,Free,27.000598671747916,Free,27.674940585314957,Free,93.64978157837488,99.774470767596
S00169,Link Nyarusange – Rongi,24.292752591927254,24.292752591927254,24.44291875733407,Free,24.736570125502915,Free,24.26108467028863,Free,25.44904476156651,Free,100.0,99.86964045544535
S00205,Link Nyabirasi – Ruhango (2),25.922067400210654,26.843266855030212,26.645687696775024,Free,26.79394040283114,Free,26.811142684069626,Free,27.48895815903177,Free,96.56822897229839,99.88032689488178
S00049,Link Nduba – Gahanga,25.477060256092724,25.477060256092724,25.60106681177213,Free,25.88117998979,Free,25.457693969920665,Free,26.358392804791723,Free,100.0,99.9239853971479
S00133,Link Ruhango (2) – Muhanda,22.820032608463215,22.820032608463215,22.878307506854608,Free,23.175093653818678,Free,22.80360896110083,Free,24.45506092070219,Free,100.0,99.92802969371616
S00056,Link Muyumbu – Murambi (3),23.43978154940555,23.43978154940555,23.50310434381268,Free,23.861800673705037,Free,23.4258186586115,Free,24.70883959392648,Free,100.0,99.9404307981087
S00127,Link Mamba – Ruhashya,26.79651337980298,26.79651337980298,26.9071981104321,Free,27.09793010750137,Free,26.782163345518175,Free,27.432032502149546,Free,100.0,99.94644812897329
S00085,Link Rwempasha – Rwimiyaga,25.572384310413995,25.572384310413995,25.813038478977074,Free,25.959487086786815,Free,25.563283109584088,Free,26.12292059759581,Free,100.0,99.96441004202255
S00067,Link Karangazi – Rwempasha,25.498189073144232,25.498189073144232,25.73814501220631,Free,25.873302259638702,Free,25.489114278368092,Free,26.047128044645305,Free,100.0,99.96441004202256
S00044,Link Juru – Muyumbu,26.737181728301593,26.737181728301593,26.894305848167765,Free,27.077764047020114,Free,26.731290470186643,Free,27.44186299681693,Free,100.0,99.9779660467778
S00242,Link Muganza (1) – Mamba,26.77595647522818,26.77595647522818,26.893892454886927,Free,27.092796259188972,Free,26.770056673503632,Free,27.41800487411458,Free,100.0,99.9779660467778
S00174,Link Musambira – Kinazi (2),26.723872540356293,26.723872540356293,26.87700899825074,Free,27.085124433493426,Free,26.71798421478159,Free,27.428203033852053,Free,100.0,99.9779660467778
S00276,Link Muganza (1) – Cyanika (1),26.750350710277573,26.750350710277573,26.918998457329543,Free,27.087747257731962,Free,26.744456550515295,Free,27.391785120251793,Free,100.0,99.97796604677781
S00099,Link Byimana – Kinazi (2),26.73244268038166,26.73244268038166,26.90097752615137,Free,27.093810424217597,Free,26.726552466466313,Free,27.436999047240057,Free,100.0,99.97796604677781
S00159,Link Buruhukiro – Mugano,26.749512708797063,26.749512708797063,26.91996285457238,Free,27.115219070881384,Free,26.74361873367964,Free,27.454518970838865,Free,100.00000000000001,99.97796604677781
S00156,Link Muzo – Gacaca,26.52788282531143,26.52788282531143,26.683776976130922,Free,26.880275403442194,Free,26.52523018486775,Free,27.227047842414905,Free,100.0,99.99000055729607
S00170,Link Muhanda – Nyarusange,26.83202601575579,28.553193477844992,28.3713077302236,Free,28.395846906343937,Free,28.556870085689948,Free,28.928274241585285,Free,93.97206668520391,100.01287634550513
S00199,Link Mukingo – Byimana,25.503893766082232,25.960071766304626,25.980236041101925,Free,26.16917807210377,Free,25.970891175600656,Free,26.7139681615976,Free,98.24277065052456,100.04167711627852
S00260,Link Kibeho – Muganza (1),25.908220057456553,25.908220057456553,26.07258129861141,Free,26.319111027638304,Free,25.921179683727157,Free,26.66061064734412,Free,99.99999999999999,100.05002129147375
S00152,Link Kinazi (2) – Ntarama,26.940055163384596,28.419121525660913,28.28220277903126,Free,28.339564038341514,Free,28.433764216890186,Free,28.792441091997475,Free,94.79552398922394,100.05152408112282
S00210,Link Gakenke – Butaro,26.036326988701802,26.036326988701802,26.174382873847037,Free,26.445309110022873,Free,26.0575568038535,Free,26.79243788239081,Free,100.0,100.08153920927829
S00131,Link Kiyombe – Nyagihanga,26.12885189669146,26.12885189669146,26.283938581584675,Free,26.55253985605976,Free,26.15015715592152,Free,26.879174398395154,Free,100.0,100.08153920927829
S00075,Link Giheke – Bushekeri,25.706451282964103,25.706451282964103,25.878884389785654,Free,26.130364738381946,Free,25.72741212007374,Free,26.45298238397422,Free,100.0,100.08153920927829
S00196,Link Rongi – Muhondo,25.87348399968836,25.87348399968836,26.06719676959711,Free,26.304000055181508,Free,25.894581033954452,Free,26.624865833168247,Free,100.0,100.08153920927829
S00077,Link Nyagihanga – Kabarore,26.41271628071221,26.41271628071221,26.579235409470908,Free,26.784175474223446,Free,26.43425300071642,Free,27.10884598513526,Free,100.0,100.08153920927829
S00206,Link Butare – Bushekeri,26.238190936653037,26.238190936653037,26.40360976932972,Free,26.67477545172878,Free,26.259585350071713,Free,26.929720876520143,Free,100.0,100.08153920927829
S00279,Link Cyato – Giheke,25.956007399771146,25.956007399771146,26.126682050141014,Free,26.387954192219475,Free,25.977171722965135,Free,26.70136645662668,Free,100.0,100.0815392092783
S00031,Link Kamabuye – Mayange,26.13798022212596,26.13798022212596,26.292743800946248,Free,26.576911258158294,Free,26.1592929245204,Free,26.897043188017935,Free,100.0,100.0815392092783
S00038,Link Bigogwe – Nyabirasi,23.44620251620843,23.44620251620843,23.526419239095947,Free,23.870691720621394,Free,23.472393447763352,Free,24.715608199616597,Free,100.00000000000001,100.11170649718997
S00007,Link Jali – Nduba,25.912658112656374,25.912658112656374,26.073494081799158,Free,26.31163661382589,Free,25.941857361551303,Free,26.65666066246137,Free,100.0,100.11268334096789
S00047,Link Musambira – Byimana,26.452591253290056,26.387040433268044,26.515945013215262,Free,26.753096211277864,Free,26.41677460179726,Free,27.1126933815753,Free,100.24842050849844,100.11268474236212
S00112,Link Mukingo – Kinazi (2),24.919379316546685,24.919379316546685,25.14384615160498,Free,25.31497751551712,Free,24.95776127654269,Free,25.76535282990885,Free,99.99999999999999,100.15402454253956
S00201,Link Byumba – Gakenke,27.24652302141435,28.147671681228754,28.009176792815467,Free,28.149886358790013,Free,28.22620192237553,Free,28.529735648219226,Free,96.79849662160382,100.27899373715925
S00011,Link Rugarika – Jali,27.007275718997462,27.007275718997462,27.075031485053874,Free,27.32029746153347,Free,27.08615780644237,Free,27.645994115312895,Free,100.0,100.29207717307607
S00216,Link Mutete – Murambi (3),27.074109197012564,27.976260120737635,27.838608628013052,Free,27.958677510765007,Free,28.061811298583063,Free,28.35599742350057,Free,96.7752983428391,100.30579919358846
S00087,Link Gacaca – Rambura,26.961265592617693,26.961265592617693,27.07653502642948,Free,27.28029813861012,Free,27.04442099189491,Free,27.60775743397193,Free,100.0,100.3084254297765
S00080,Link Muhondo – Rugarika,28.824610246576903,28.505756616275203,28.497991401567226,Free,28.527536035509108,Free,28.595592257380535,Free,28.880666123849693,Free,101.11855873392132,100.31514911992913
S00093,Link Muhondo – Nduba,25.392680588343005,25.392680588343005,25.566723700000907,Free,25.742545698760484,Free,25.477169403169317,Free,26.27678379654085,Free,100.0,100.33272901036332
S00214,Link Byumba – Nyagihanga,25.417953515665523,25.417953515665523,25.59329861013051,Free,25.787987602606055,Free,25.502526420852806,Free,26.302936657592642,Free,100.0,100.33272901036332
S00090,Link Butare – Giheke,25.47031588807497,25.47031588807497,25.641165051655072,Free,25.841112265443513,Free,25.555063018065773,Free,26.243773053398883,Free,100.0,100.33272901036332
S00277,Link Muganza (1) – Cyanika (1),27.92727604435362,27.92727604435362,28.04133301403528,Free,28.053867936792585,Free,28.039945384765836,Free,28.30423762582836,Free,100.00000000000001,100.40343834548446
S00234,Link Nyabirasi – Rambura,28.014065703228734,28.014065703228734,28.131250469360406,Free,28.141051005577914,Free,28.12708518640477,Free,28.39219876906211,Free,100.0,100.40343834548446
S00139,Link Mpanga – Nyamugari,28.007480897908422,28.007480897908422,28.166907147022375,Free,28.160577460629717,Free,28.120473815454822,Free,28.376440342453638,Free,100.0,100.40343834548446
S00289,Link Butare – Buruhukiro,27.923064044871595,27.923064044871595,28.055644550643173,Free,28.094867087984827,Free,28.035716392462792,Free,28.29996877289656,Free,100.0,100.40343834548446
S00108,Link Mwiri – Rukara,27.90414483851733,27.90414483851733,28.03663551467912,Free,28.07583147688287,Free,28.016720858775432,Free,28.280794195630495,Free,100.0,100.40343834548447
S00019,Link Ntarama – Juru,28.772086002828235,28.772086002828235,28.878156434706426,Free,28.84054340473856,Free,28.890893373731153,Free,28.978429212766624,Free,100.0,100.41292581598441
S00032,Link Rweru – Mayange,28.651046887121737,28.651046887121737,28.757943435014873,Free,28.787561808567492,Free,28.769354456268463,Free,29.037777906943486,Free,100.0,100.41292581598441
S00016,Link Ntarama – Mayange,28.57438668650085,28.57438668650085,28.691955012156587,Free,28.706148233094048,Free,28.692377705888628,Free,28.960082949104734,Free,100.0,100.41292581598442
S00053,Link Rwempasha – Kiyombe,28.796537253699512,28.796537253699512,28.920921899762455,Free,28.88750819234453,Free,28.915445590129607,Free,29.00305581934869,Free,100.0,100.41292581598442
S00177,Link Mpanga – Rurenge,28.668469282479816,28.668469282479816,28.786424707722464,Free,28.80066466054907,Free,28.78684879319474,Free,28.931697192358456,Free,100.0,100.41292581598442
S00280,Link Butare – Cyato,28.60090033768968,28.60090033768968,28.718577752846144,Free,28.732784143413923,Free,28.719000838787977,Free,28.986954480806755,Free,100.0,100.41292581598444
S00229,Link Karangazi – Kabarore,28.629208354050114,28.629208354050114,28.75287023453275,Free,28.761222693040303,Free,28.747425746255956,Free,29.01564459797067,Free,100.0,100.41292581598444
S00097,Link Kinigi – Rambura,27.452392701059505,27.452392701059505,27.5456784038917,Free,27.661573446153735,Free,27.56696088459164,Free,28.027659068277796,Free,100.0,100.4173340545566
S00183,Link Mukingo – Mamba,27.209045294426463,27.209045294426463,27.343440712832916,Free,27.552227260199437,Free,27.32259790635984,Free,27.86147853178536,Free,100.0,100.4173340545566
S00055,Link Rugarika – Nduba,27.268321049801383,27.268321049801383,27.39134137975506,Free,27.590986981768577,Free,27.382121039648034,Free,27.922175633354446,Free,100.0,100.4173340545566
S00018,Link Ntarama – Juru,27.68332247235898,27.68332247235898,27.821991668872975,Free,27.864036335814987,Free,27.79885440446886,Free,28.213845296884987,Free,100.0,100.4173340545566
S00291,Link Giheke – Buruhukiro,27.00418729387148,27.00418729387148,27.127215193132923,Free,27.34478542876858,Free,27.11688496360506,Free,27.65170833504508,Free,100.0,100.41733405455663
S00043,Link Rambura – Bigogwe,25.262303288118193,25.262303288118193,25.420947634017054,Free,25.610372035667233,Free,25.36816934451356,Free,26.141867117773316,Free,99.99999999999999,100.41906731618238
S00221,Link Cyanika (1) – Mugano,28.16219052563014,28.16219052563014,28.307224828757793,Free,28.31120271448056,Free,28.283037884122916,Free,28.54044676584431,Free,100.0,100.42911206918649
S00105,Link Rurenge – Mwiri,28.20952859027785,28.20952859027785,28.354806682794376,Free,28.358791254978954,Free,28.330579082119346,Free,28.588420644610824,Free,100.0,100.4291120691865
S00071,Link Bushekeri – Cyato,27.81336737623856,27.81336737623856,27.9716856023724,Free,27.99895272762961,Free,27.9347476276601,Free,28.346382379576927,Free,100.0,100.43640976577773
S00094,Link Cyanika (1) – Buruhukiro,27.56307406735358,27.56307406735358,27.714318110639628,Free,27.798578060361873,Free,27.683362014332058,Free,28.091292453041657,Free,100.0,100.43640976577773
S00182,Link Mukingo – Mamba,27.84505563354849,27.84505563354849,27.997846965504127,Free,28.030852425585625,Free,27.966574175619535,Free,28.37867791022947,Free,100.0,100.43640976577773
S00062,Link Rukara – Murundi (2),27.853220227939666,27.853220227939666,27.994138214391537,Free,28.017351731258348,Free,27.97477440109797,Free,28.38699897079922,Free,100.0,100.43640976577773
S00098,Link Byimana – Kinazi (2),28.21725843924666,28.21725843924666,28.33850317292812,Free,28.367168438334513,Free,28.342613877004155,Free,28.598134194878774,Free,100.0,100.44425094672961
S00236,Link Twumba – Mugano,28.462676184188958,28.462676184188958,28.609257978022253,Free,28.5933109053959,Free,28.589121892601803,Free,28.844968352479864,Free,100.0,100.44425094672961
S00250,Link Bigogwe – Kinigi,28.043410473820924,28.043410473820924,28.12961530601065,Free,28.170528793440983,Free,28.167993590346146,Free,28.421939634537054,Free,100.0,100.44425094672961
S00188,Link Mugano – Mukingo,28.1568001469395,28.1568001469395,28.283556267382426,Free,28.30638894889319,Free,28.281886998161045,Free,28.53685983825352,Free,100.0,100.44425094672961
S00186,Link Musambira – Muhondo,28.443296030333936,28.443296030333936,28.56551200888642,Free,28.57445309474559,Free,28.569655642229804,Free,28.827222834971824,Free,100.0,100.44425094672962
S00079,Link Rurenge – Jarama,28.112695464149695,28.112695464149695,28.239253034386113,Free,28.262049950889136,Free,28.237586379900396,Free,28.492159831703948,Free,100.0,100.44425094672962
S00013,Link Muyumbu – Bumbogo,27.54029007661843,27.54029007661843,27.627372130162268,Free,27.734039431514393,Free,27.663802270040996,Free,28.110181225397792,Free,100.0,100.44847818624622
S00204,Link Nyabirasi – Ruhango (2),27.11184773347147,27.11184773347147,27.20124075991814,Free,27.436583226795843,Free,27.244436465019177,Free,27.761950315025615,Free,100.0,100.4890435091372
S00029,Link Gahanga – Rugarika,27.39036683475677,27.39036683475677,27.522476168661623,Free,27.718438324898667,Free,27.53295051919636,Free,27.96433344660692,Free,100.0,100.52056142694174
S00194,Link Nyagihanga – Karangazi,27.439992150048617,27.439992150048617,27.596185063461668,Free,27.674444508434384,Free,27.582834164737612,Free,28.01499866305277,Free,99.99999999999999,100.52056142694174
S00102,Link Mwulire – Murambi (3),27.244999312122253,27.244999312122253,27.398181721490975,Free,27.592575125165293,Free,27.386826269311705,Free,27.89829467440716,Free,100.0,100.52056142694174
S00064,Link Mukura (2) – Twumba,27.287163909950042,27.287163909950042,27.436893979588326,Free,27.63527763434348,Free,27.429210359771613,Free,27.941470317817956,Free,100.0,100.52056142694175
S00135,Link Gahara – Rurenge,27.311310705011017,27.311310705011017,27.461173272893454,Free,27.659732480134412,Free,27.453482853733515,Free,27.96619611782023,Free,100.00000000000001,100.52056142694175
S00125,Link Nyamugari – Gahara,27.41770227111263,27.42330417155322,27.52388104425424,Free,27.6523736049809,Free,27.574600449336664,Free,28.00003372849428,Free,99.97957248183681,100.55170696002557
S00088,Link Mwiri – Mwulire,27.542349740465273,27.288576938894934,27.44542158771076,Free,27.63612221464281,Free,27.502099338868423,Free,27.970268422887088,Free,100.9299598221578,100.78246073604943
S00001,Link Jali – Gahanga,14.511731873223141,14.511731873223141,14.771546174257374,Free,15.521507623693152,Free,14.695941301683082,Free,18.44742670029387,Free,100.0,101.26938280054526
S00039,Link Bigogwe – Nyabirasi,5.99670794005544,5.99670794005544,6.6344761750939005,Free,7.3748161920642845,Free,6.2882018459506765,Free,9.224454195379177,Free,100.0,104.86089882664089
S00042,Link Rambura – Bigogwe,14.717192539983786,14.717192539983786,33.042520834632214,Free,22.35992769535656,Free,21.66226085159442,Free,21.729314031228977,Free,100.0,147.19017090210795
