segment_id,road_name,direction,normal_kph,current_kph,vehicles,ratio %,vs free-flow %,level,confidence,baseline_source
S00002,Link Bumbogo – Jali,Westbound,10.093488325039534,6.488137850928364,7,64.28043152170537,21.627126169761212,Moderate,ok,history
S00035,Link Ruhashya – Muganza (1),Northwest,7.7634269382710315,5.1488786121457135,7,66.32223956103081,17.16292870715238,Moderate,ok,history
S00008,Link Kinigi – Gacaca,Northwest,12.79204306981098,8.54329150604344,7,66.7859814059372,28.477638353478135,Moderate,ok,history
S00003,Link Bumbogo – Jali,Eastbound,9.09472889066765,6.192709021810926,8,68.09118882219167,20.64236340603642,Moderate,ok,history
S00091,Link Butare – Giheke,Northwest,17.701943706409175,13.430412830731758,7,75.86970704165743,44.768042769105854,Free,ok,history
S00026,Link Ntarama – Gahanga,Southbound,23.456777738012917,19.213242926628617,1,81.90913151507833,64.04414308876206,Free,low,history
S00054,Link Rugarika – Nduba,Southwest,23.760247622292514,19.521921074796637,1,82.16211120830508,65.07307024932213,Free,low,history
S00235,Link Nyabirasi – Rambura,Eastbound,16.702029226932105,13.86583156843289,9,83.01884387840832,46.21943856144298,Free,ok,history
S00021,Link Mwulire – Rukara,Southwest,24.985596207942073,20.82154608856953,1,83.33419749235789,69.4051536285651,Free,low,history
S00208,Link Gakenke – Gacaca,Northwest,20.554682139516103,17.253568441717356,1,83.93984555250114,57.511894805724516,Free,low,history
S00036,Link Nyarusange – Byimana,Northwest,23.94796365159508,20.153904064235835,1,84.15706803903329,67.17968021411944,Free,low,history
S00118,Link Mutete – Byumba,Southeast,22.566555648853875,19.018475443954486,2,84.27726295448375,63.39491814651495,Free,ok,history
S00200,Link Byumba – Gakenke,Northeast,27.829349256634075,23.630941898943053,1,84.91374225471625,78.76980632981017,Free,low,history
S00167,Link Muhondo – Gakenke,Southeast,25.53854809446689,22.094378265772036,3,86.51383854730153,73.64792755257346,Free,ok,history
S00213,Link Mugano – Mukura (2),Northwest,25.97183754113344,22.509202168689157,1,86.6677305101718,75.03067389563053,Free,low,history
S00275,Link Nyabirasi – Muhanda,Southeast,24.334185031992813,21.101452623425015,2,86.71526330420502,70.33817541141671,Free,ok,history
S00037,Link Nyarusange – Byimana,Southeast,21.191955382651038,18.376677874587664,1,86.71534807794035,61.25559291529221,Free,low,history
S00048,Link Nduba – Gahanga,Southbound,22.015095076184437,19.433783327481628,1,88.27480989852627,64.7792777582721,Free,low,history
S00083,Link Mugesera – Muyumbu,Northwest,26.67100793045337,23.597378421615666,1,88.475765457187,78.65792807205223,Free,low,history
S00066,Link Karangazi – Rwempasha,Southeast,29.330417480079742,26.093689898840726,1,88.9646044641632,86.97896632946909,Free,low,model
S00224,Link Twumba – Cyato,Northeast,28.43962024662526,25.419068626982256,1,89.37907189530272,84.73022875660753,Free,low,history
S00245,Link Murundi (2) – Mwulire,Southwest,29.20183201883975,26.10267837012359,1,89.38712596279329,87.00892790041196,Free,low,model
S00254,Link Rwimiyaga – Karangazi,Southbound,29.9849186813757,26.810682602165965,2,89.41389132003442,89.36894200721989,Free,ok,model
S00148,Link Rurenge – Mugesera,Westbound,29.885724719913,26.760016098805583,1,89.54113159241963,89.20005366268528,Free,low,model
S00104,Link Rurenge – Mwiri,Northbound,28.339479862383914,25.592885968943193,1,90.3082416939967,85.3096198964773,Free,low,history
S00110,Link Gacaca – Butaro,Northeast,29.66505185555256,26.810670392307806,1,90.37796570475071,89.3689013076927,Free,low,model
S00061,Link Mwulire – Mugesera,Southwest,28.21325280596723,25.5156300859876,2,90.4384555069486,85.05210028662533,Free,ok,history
S00240,Link Mamba – Kamabuye,Northeast,29.667984062833884,26.866780526664133,1,90.55816016943695,89.55593508888046,Free,low,model
S00128,Link Rukara – Murambi (3),Westbound,29.338749086006455,26.67462189629849,3,90.91942474473576,88.91540632099496,Free,ok,model
S00076,Link Nyagihanga – Kabarore,Northwest,24.445293974880393,22.330668193446435,1,91.3495588001236,74.43556064482146,Free,low,history
S00020,Link Mwulire – Rukara,Northeast,25.503907211667837,23.341765104693057,1,91.52231033060842,77.8058836823102,Free,low,history
S00223,Link Kabarore – Murambi (3),Northeast,29.999984509415594,27.52003575258055,1,91.7334998754526,91.73345250860184,Free,low,model
S00284,Link Bushekeri – Twumba,Northeast,29.99999999999729,27.559572348416424,1,91.86524116139638,91.86524116138807,Free,low,model
S00175,Link Musambira – Kinazi (2),Southbound,29.376911822250083,27.03098006170092,1,92.01436905708941,90.1032668723364,Free,low,model
S00269,Link Buruhukiro – Twumba,Northwest,29.992862264564085,27.646446395891296,1,92.17675242871024,92.15482131963766,Free,low,model
S00113,Link Mukingo – Kinazi (2),Southwest,29.579115969546173,27.287098523167387,2,92.25123073746158,90.95699507722462,Free,ok,model
S00095,Link Cyanika (1) – Buruhukiro,Eastbound,24.276502185236133,22.525824156653158,4,92.78859031987047,75.08608052217718,Free,ok,history
S00046,Link Musambira – Byimana,Northeast,24.472407517395638,22.72186462364039,2,92.8468709402174,75.73954874546797,Free,ok,history
S00120,Link Ntarama – Jali,Southbound,27.196348785023797,25.265467740987805,3,92.90021958719963,84.2182258032927,Free,ok,history
S00232,Link Kibeho – Cyanika (1),Northbound,24.923578421648372,23.198211169287216,2,93.07736945645605,77.32737056429073,Free,ok,history
S00173,Link Mpanga – Mwiri,Northwest,29.611644203781932,27.570734640509755,2,93.10774657014312,91.90244880169918,Free,ok,model
S00137,Link Ruhashya – Cyanika (1),Northwest,25.678256254608698,23.910582492715367,2,93.11606775644638,79.70194164238455,Free,ok,history
S00272,Link Kibeho – Buruhukiro,Northbound,29.910033037200826,27.89859856900405,1,93.27505099812147,92.99532856334683,Free,low,model
S00264,Link Cyato – Buruhukiro,Eastbound,29.984331416162053,27.980358569434543,1,93.3165998637297,93.26786189811514,Free,low,model
S00107,Link Rweru – Jarama,Westbound,29.972113291175386,28.011252260965435,2,93.45771513953511,93.37084086988479,Free,ok,model
S00170,Link Muhanda – Nyarusange,Southeast,28.572602284464104,26.83202601575579,2,93.90823330903002,89.44008671918597,Free,ok,history
S00153,Link Kinazi (2) – Ntarama,Southwest,29.999723343328977,28.225322314927904,2,94.08527536039546,94.08440771642634,Free,ok,model
S00147,Link Mutete – Nyagihanga,Southwest,26.92159125675502,25.34315791044788,2,94.13692403523478,84.47719303482627,Free,ok,history
S00247,Link Kinigi – Muzo,Southbound,29.050755150156736,27.413873310316152,1,94.36544134092242,91.37957770105385,Free,low,model
S00278,Link Cyato – Giheke,Northeast,29.885527780449156,28.219684159847922,1,94.42591868265076,94.06561386615975,Free,low,model
S00290,Link Giheke – Buruhukiro,Eastbound,29.98634452464101,28.335579576755496,1,94.49494436866416,94.45193192251831,Free,low,model
S00152,Link Kinazi (2) – Ntarama,Northeast,28.399028873398663,26.940055163384596,1,94.86259295513909,89.80018387794865,Free,low,history
S00179,Link Mukura (2) – Nyarusange,Eastbound,29.409712806466324,27.904698483430195,1,94.88259428801622,93.01566161143397,Free,low,model
S00166,Link Muhondo – Gakenke,Northwest,29.984880353327636,28.467804745196766,2,94.94053139364117,94.89268248398922,Free,ok,model
S00162,Link Muhondo – Jali,Northwest,29.999999944493393,28.563787427363597,1,95.21262493404298,95.21262475787866,Free,low,model
S00263,Link Nyamugari – Rurenge,Northwest,29.549471128890143,28.1654333973845,1,95.31620134428569,93.88477799128167,Free,low,model
S00205,Link Nyabirasi – Ruhango (2),Southbound,26.903413098091598,25.922067400210654,3,96.35233754801708,86.4068913340355,Free,ok,history
S00228,Link Karangazi – Kabarore,Southbound,29.092112378028748,28.09578921670512,3,96.57528078959271,93.6526307223504,Free,ok,model
S00216,Link Mutete – Murambi (3),Southeast,27.976260120737635,27.074109197012564,3,96.7752983428391,90.24703065670855,Free,ok,history
S00201,Link Byumba – Gakenke,Southwest,28.147671681228754,27.24652302141435,1,96.79849662160382,90.8217434047145,Free,low,history
S00140,Link Rweru – Kamabuye,Westbound,29.999611508916516,29.067959560217645,1,96.89445328843021,96.89319853405883,Free,low,model
S00180,Link Jarama – Gahara,Northwest,29.73359182573674,28.94060588880342,2,97.33303012437626,96.4686862960114,Free,ok,model
S00243,Link Muganza (1) – Mamba,Northbound,29.03338469938613,28.296037925043997,2,97.46034855399508,94.32012641681331,Free,ok,model
S00024,Link Musambira – Rugarika,Southwest,29.96164726661654,29.27589869284512,1,97.71124542095693,97.5863289761504,Free,low,model
S00199,Link Mukingo – Byimana,Northbound,25.960071766304626,25.503893766082232,2,98.24277065052456,85.0129792202741,Free,ok,history
S00129,Link Rukara – Murambi (3),Eastbound,29.22649259011632,28.71383676439686,1,98.24592080579376,95.7127892146562,Free,low,model
S00203,Link Kabarore – Rukara,Northbound,29.999867859258174,29.496126205935568,2,98.32085375947031,98.32042068645188,Free,ok,model
S00143,Link Mugesera – Juru,Westbound,29.49640733960972,29.070256431878526,2,98.55524470209315,96.90085477292841,Free,ok,model
S00116,Link Mutete – Nduba,Northbound,29.959965855313126,29.58519426123952,3,98.74909205209542,98.61731420413172,Free,ok,model
S00187,Link Musambira – Muhondo,Northbound,29.113874373025354,28.832424251755363,1,99.0332783687122,96.10808083918455,Free,low,model
S00178,Link Mukura (2) – Nyarusange,Westbound,29.99907582966699,29.736153074617402,1,99.12356381729074,99.12051024872467,Free,low,model
S00057,Link Muyumbu – Murambi (3),Northeast,28.835037120052025,28.605733507663054,1,99.2047743464512,95.35244502554352,Free,low,model
S00125,Link Nyamugari – Gahara,Westbound,27.487529895220007,27.41770227111263,1,99.74596617312085,91.39234090370877,Free,low,history
S00047,Link Musambira – Byimana,Southwest,26.493108620301573,26.452591253290056,1,99.8470645042369,88.17530417763352,Free,low,history
S00080,Link Muhondo – Rugarika,Northbound,28.542755299092306,28.824610246576903,1,100.98748331943119,96.08203415525635,Free,low,history
S00088,Link Mwiri – Mwulire,Westbound,27.174554049455285,27.542349740465273,2,101.35345621621107,91.80783246821758,Free,ok,history
S00106,Link Rweru – Jarama,Eastbound,29.999533515945696,30.560256680576636,2,101.86910627904562,101.86752226858879,Free,ok,model
S00220,Link Cyanika (1) – Mugano,Northbound,29.98558169957627,30.593867021068537,1,102.02859270027389,101.97955673689512,Free,low,model
S00193,Link Mukura (2) – Muhanda,Northeast,29.947023269857173,30.637889598565014,1,102.30696160510627,102.1262986618834,Free,low,model
S00271,Link Rwimiyaga – Kiyombe,Southwest,29.999996792155063,31.19911088355042,1,103.9970473987148,103.9970362785014,Free,low,model
S00197,Link Rongi – Muhondo,Westbound,29.999742605551585,31.51789048485876,1,105.06053634948934,105.05963494952923,Free,low,model
S00192,Link Mukura (2) – Muhanda,Southwest,29.708867544208562,31.37808699846477,1,105.61858997746147,104.59362332821591,Free,low,model
S00267,Link Rwempasha – Nyagihanga,Southbound,29.999999330380884,32.28463687715522,1,107.61545865922967,107.61545625718408,Free,low,model
